{
  "params": {
    "nca": 8320,
    "unet": 483153,
    "ratio": 58.1
  },
  "clean": {
    "nca_dice_mean": 0.8180169984698296,
    "nca_dice_std": 0.006618706751976846,
    "nca_iou_mean": 0.7127365916967392,
    "nca_iou_std": 0.02338510694342806,
    "unet_dice": 0.8599557280540466,
    "unet_iou": 0.7728852033615112
  },
  "latency_ms": {
    "nca": 54.128265380859375,
    "unet": 5.144011974334717
  },
  "checkpoint_size_kb": {
    "nca": 32.5,
    "unet": 1887.31640625
  }
}