{
  "noise": {
    "sigma": [
      0.0,
      0.05,
      0.1,
      0.15,
      0.2,
      0.3
    ],
    "nca": [
      0.820483946800232,
      0.8127823114395142,
      0.7513301730155945,
      0.6231851935386657,
      0.5074736833572387,
      0.09718444421887398
    ],
    "unet": [
      0.8599557280540466,
      0.8566703796386719,
      0.8213709592819214,
      0.73191237449646,
      0.6119183301925659,
      0.09743086248636246
    ]
  },
  "shift": {
    "shift_px": [
      0,
      2,
      4,
      6,
      8,
      10
    ],
    "nca": [
      0.8232335686683655,
      0.8087656974792481,
      0.772282338142395,
      0.7123692512512207,
      0.710445511341095,
      0.729561185836792
    ],
    "unet": [
      0.8599557280540466,
      0.8219742774963379,
      0.8325116038322449,
      0.7752893567085266,
      0.833878219127655,
      0.7833272814750671
    ]
  }
}